{
  "weekly_clicks": 0.19867983456233254,
  "activity_diversity": 0.0950933474319377,
  "active_days": 0.2930527853401127,
  "assessment_timeliness": 0.3165240638325286,
  "wow_click_delta": 0.09664996883308852
}