{
  "base_rate": {
    "train": 0.3925169128814027,
    "val": 0.45990636517581435,
    "test": 0.3845280018175622
  },
  "roc_auc": {
    "train": 0.9487723835257252,
    "val": 0.8101240368158124,
    "test": 0.7896539408819991
  },
  "brier_test": 0.18224046703552346,
  "thresholds": {
    "default": 0.5,
    "max_recall": 0.20000000298023224,
    "f1_max": 0.38580644130706787,
    "f2": 0.1666666716337204,
    "precision_floor_lift": 1.2,
    "precision_floor_value": 0.5518876382109772
  },
  "product_threshold": 0.20000000298023224,
  "test_metrics": {
    "default": {
      "threshold": 0.5,
      "precision": 0.6597774244833068,
      "recall": 0.6129985228951256,
      "f1": 0.6355283307810107,
      "f2": 0.6218160023973629,
      "flagged_fraction": 0.35726456889696695,
      "confusion_matrix": [
        [
          4348,
          1070
        ],
        [
          1310,
          2075
        ]
      ]
    },
    "max_recall": {
      "threshold": 0.20000000298023224,
      "precision": 0.4920964394060354,
      "recall": 0.9104874446085672,
      "f1": 0.6388888888888888,
      "f2": 0.778164924506388,
      "flagged_fraction": 0.7114620015903669,
      "confusion_matrix": [
        [
          2237,
          3181
        ],
        [
          303,
          3082
        ]
      ]
    },
    "f1_max": {
      "threshold": 0.38580644130706787,
      "precision": 0.5757509795385285,
      "recall": 0.7813884785819794,
      "f1": 0.6629903496678782,
      "f2": 0.7292930406970332,
      "flagged_fraction": 0.5218675451550607,
      "confusion_matrix": [
        [
          3469,
          1949
        ],
        [
          740,
          2645
        ]
      ]
    },
    "f2": {
      "threshold": 0.1666666716337204,
      "precision": 0.43830128205128205,
      "recall": 0.9695716395864107,
      "f1": 0.6036972316747907,
      "f2": 0.7803880540232071,
      "flagged_fraction": 0.8506191071225718,
      "confusion_matrix": [
        [
          1212,
          4206
        ],
        [
          103,
          3282
        ]
      ]
    },
    "product": {
      "threshold": 0.20000000298023224,
      "precision": 0.4920964394060354,
      "recall": 0.9104874446085672,
      "f1": 0.6388888888888888,
      "f2": 0.778164924506388,
      "flagged_fraction": 0.7114620015903669,
      "confusion_matrix": [
        [
          2237,
          3181
        ],
        [
          303,
          3082
        ]
      ]
    }
  }
}